,Brand,Price,Product,Stock
1,Sephora Collection,$12.00$6.00(50%),Colorful Cheek Ink Gel (Limited Edition),In stock
59,Tom Ford Beauty,$123.00,Sheer Cheek Duo,Out of Stock
5,Sephora Collection,$14.00,Cheek & Lip Tint,In stock
49,Lanolips,$19.00,Rose Gold 101 Ointment Balm + Tint for Lips and Cheeks,In stock
6,Sephora Collection,$19.00$10.00(50%),Blush To Go (Limited Edition),In stock
11,Sephora Collection,$19.00$14.00(20%),Original Colorful Blush,In stock
58,Sigma Beauty,$20.00,Powder Blush - Hot Spot (Limited Edition),Out of Stock
20,Sephora Collection,$21.00,Colorful Blush,In stock
67,Make Up For Ever,$25.00,Blush Powder Refill,Out of Stock
25,ZOEVA,$25.00,Premiere Highlighter + Blush Palette,In stock
47,Clinique,$25.00,CliniqueFIT Lip + Cheek Flush,In stock
72,3CE,$25.00,Cream Blusher,Out of Stock
14,ZOEVA,$26.00,Aristo Blush Palette,In stock
36,ZOEVA,$26.00,Opulence Blush Palette,In stock
32,ZOEVA,$26.00,Offline Blush Palette,In stock
19,ZOEVA,$26.00,The Basic Moment Blush Palette,In stock
18,Benefit Cosmetics,$28.00,Dandelion Finishing Powder,In stock
8,Benefit Cosmetics,$28.00,GALifornia Powder Blush,In stock
51,Benefit Cosmetics,$28.00,Dandelion Box O' Powder Mini Stocking Stuffer (Limited Edition),Out of Stock
17,Benefit Cosmetics,$28.00,Gold Rush Blush,In stock
73,ZOEVA,$29.00,Sweet Glamour Blush Palette,Out of Stock
64,Sephora Collection,$29.00$20.00(30%),Microsmooth Sculpting,Out of Stock
35,Make Up For Ever,$33.00,Artist Face Colors Pressed Powder,In stock
52,3CE,$34.00,Face Blush,In stock
3,Benefit Cosmetics,$35.00,Get The Pretty Started! (Limited Edition),In stock
24,Nudestix,$35.00,Gel Color  Lip + Cheek Balm,In stock
37,3CE,$35.00,3CE Bold Shading Blush,In stock
2,ZOEVA,$36.00,Blush Palette,In stock
62,Shu Uemura,$37.00,Glow On Blush Refill ,Out of Stock
46,Bite Beauty,$37.00,Multistick,In stock
70,tarte,$38.00,Amazonian Clay 12-hour Blush (Limited Edition),Out of Stock
15,BECCA,$38.00,Beach Tint,In stock
4,tarte,$38.00,Amazonian Clay 12-Hour Blush,In stock
26,Pretty Vulgar,$39.00,Make Them Blush,In stock
23,IT Cosmetics,$39.00,CC+ Radiance Ombre Blush,In stock
13,Clinique,$40.00,Cheek Pop,In stock
55,3CE,$40.00,3CE Creamy Cheek Stick,Out of Stock
22,3CE,$40.00,3CE Duo Color Face Blush,In stock
69,theBalm,$41.50$29.00(30%),Instain Blush,Out of Stock
71,tarte,$42.00,Cheek Stain,Out of Stock
44,Clinique,$47.00,Chubby Stick Cheek Colour Balm,In stock
0,tarte,$47.00,Life Of The Party Clay Blush Palette & Clutch (Limited Edition),In stock
27,Make Up For Ever,$48.00,HD Cream Blush,In stock
9,Anastasia Beverly Hills,$48.00,Blush Trio,In stock
28,Benefit Cosmetics,$49.00,Dandelion Dew Liquid Blush,In stock
48,Antonym,$49.00,Certified Organic Baked Blush,In stock
21,BECCA,$52.00,Mineral Blush,In stock
38,Benefit Cosmetics,$52.00,Rockateur,In stock
57,Antonym,$53.00,Certified Organic Highlighting Blush,Out of Stock
29,Natasha Denona,$54.00,Blush Duo Palette,In stock
30,Natasha Denona,$54.00,Blush Duo Palette,In stock
43,Estée Lauder,$55.00,Pure Color Envy Sculpting Blush (Powder),In stock
7,Benefit Cosmetics,$55.00,Benetint Cheek & Lip Stain,In stock
31,Benefit Cosmetics,$55.00,Gogotint Cheek & Lip Stain,In stock
12,BECCA,$55.00,Shimmering Skin Perfector™ Luminous Blush,In stock
45,Estée Lauder,$55.00,Pure Color Envy Sculpting Blush,In stock
65,Yves Saint Laurent,$60.00,Baby Doll Kiss & Blush Duo Stick,Out of Stock
66,Burberry Beauty,$62.00,Lip & Cheek Bloom,Out of Stock
16,Marc Jacobs Beauty,$62.00,Air Blush,In stock
41,Yves Saint Laurent,$62.00,Baby Doll Kiss & Blush Lips & Cheeks,In stock
42,Lancôme,$62.00,Cushion Blush Subtil Powder Blush,In stock
34,Wander Beauty,$63.00,On-the-Glow Blush and Illuminator,In stock
33,GUERLAIN,$68.00,Rose Aux Joues - Tender Blush,In stock
40,Giorgio Armani,$68.00,Armani Blush,In stock
39,GIVENCHY,$68.00,Prisme Blush,In stock
54,GUERLAIN,$71.00,Rose Aux Joues Rose Neutre Fall 2018 (Limited Edition),Out of Stock
53,GUERLAIN,$71.00,Rose Aux Joues Corail Doux Fall 2018 (Limited Edition),Out of Stock
56,Burberry Beauty,$72.00,Light Glow,Out of Stock
68,Edward Bess,$72.00,Blush Extraordinaire 5.9g,Out of Stock
60,Yves Saint Laurent,$75.00,Blush Volupte - Heart Of Light Powder Blush,Out of Stock
63,Yves Saint Laurent,$75.00,Couture Blush,Out of Stock
10,DIOR BACKSTAGE,$76.00,Glow Face Palette,In stock
50,BECCA,$78.00,BECCA x Chrissy Teigen Glow Face Palette,Out of Stock
61,GUERLAIN,$88.00,Meteorites Heart Shape Face Palette (Limited Edition),Out of Stock
